Manufacturer,Model,Mode,Laser Power (W),AM Process,General Material Type,Specific Material Type,X (in),Y (in),Z (in),Price (USD)
3D Systems,iPro 8000,RDM 650M,,Vat Photopolymerization (e.g. SLA),Polymer,"ABS, ABS/PP, PC, PP",25.6,13.7,11.8,"$500,000 - $999,999"
3D Systems,iPro 8000,RDM 750F,,Vat Photopolymerization (e.g. SLA),Polymer,"ABS, ABS/PP, PC, PP",25.6,29.5,21.65,"$500,000 - $999,999"
3D Systems,iPro 8000,RDM 750H,,Vat Photopolymerization (e.g. SLA),Polymer,"ABS, ABS/PP, PC, PP",25.6,29.5,10.8,"$500,000 - $999,999"
3D Systems,iPro 8000,RDM 750SH,,Vat Photopolymerization (e.g. SLA),Polymer,"ABS, ABS/PP, PC, PP",25.6,29.5,1.97,"$500,000 - $999,999"
3D Systems,iPro 8000 MP,RDM 650M,,Vat Photopolymerization (e.g. SLA),Polymer,PP,25.6,13.7,11.8,"$250,000 - $499,999"
3D Systems,iPro 8000 MP,RDM 750F,,Vat Photopolymerization (e.g. SLA),Polymer,PP,25.6,29.5,21.65,"$250,000 - $499,999"
3D Systems,iPro 8000 MP,RDM 750H,,Vat Photopolymerization (e.g. SLA),Polymer,PP,25.6,29.5,10.8,"$250,000 - $499,999"
3D Systems,iPro 8000 MP,RDM 750SH,,Vat Photopolymerization (e.g. SLA),Polymer,PP,25.6,29.5,1.97,"$250,000 - $499,999"
3D Systems,Phenix PXL,N/A,500,Powder Bed Fusion (e.g. SLS),"Ceramic, Metal",,9.84,9.84,11.81,"$250,000 - $499,999"
3D Systems,Phenix PXM,N/A,300,Powder Bed Fusion (e.g. SLS),"Ceramic, Metal",,5.51,5.51,3.94,"$250,000 - $499,999"
3D Systems,Phenix PXS,N/A,50,Powder Bed Fusion (e.g. SLS),"Ceramic, Metal",,3.94,3.94,3.15,"$100,000 - $249,999"
3D Systems,ProJet 1200,Standard,,Vat Photopolymerization (e.g. SLA),Polymer,,1.69,1.06,7.09,"Less than $49,999"
3D Systems,ProJet 160,Monochrome,,Binder Jetting,Composite,Gypsum,9.3,7.3,5,"Less than $49,999"
3D Systems,ProJet 260C,Basic CMY,,Binder Jetting,Composite,Gypsum,9.3,7.3,5,"Less than $49,999"
3D Systems,ProJet 3500 CP,HD,,Material Jetting,Wax,Wax,11.75,7.3,8,"$50,000 - $99,999"
3D Systems,ProJet 3500 CP,HDHiQ,,Material Jetting,Wax,Wax,11.75,7.3,8,"$50,000 - $99,999"
3D Systems,ProJet 3500 CPX,HD,,Material Jetting,Wax,Wax,11.75,7.3,8,"$50,000 - $99,999"
3D Systems,ProJet 3500 CPX,HDHiQ,,Material Jetting,Wax,Wax,11.75,7.3,8,"$50,000 - $99,999"
3D Systems,ProJet 3500 CPX,XHD,,Material Jetting,Wax,Wax,5,6,7,"$50,000 - $99,999"
3D Systems,ProJet 3500 CPXMax,HD,,Material Jetting,Wax,Wax,11.75,7.3,8,"$50,000 - $99,999"
3D Systems,ProJet 3500 CPXMax,HDHiQ,,Material Jetting,Wax,Wax,11.75,7.3,8,"$50,000 - $99,999"
3D Systems,ProJet 3500 CPXMax,UHD,,Material Jetting,Wax,Wax,11.75,7.3,8,"$50,000 - $99,999"
3D Systems,ProJet 3500 CPXMax,XHD,,Material Jetting,Wax,Wax,11.75,7.3,8,"$50,000 - $99,999"
3D Systems,ProJet 3500 CPXPlus,HD,,Material Jetting,Wax,Wax,11.75,7.3,8,"$50,000 - $99,999"
3D Systems,ProJet 3500 CPXPlus,HDHiQ,,Material Jetting,Wax,Wax,11.75,7.3,8,"$50,000 - $99,999"
3D Systems,ProJet 3500 CPXPlus,UHD,,Material Jetting,Wax,Wax,8,7,6,"$50,000 - $99,999"
3D Systems,ProJet 3500 CPXPlus,XHD,,Material Jetting,Wax,Wax,8,7,6,"$50,000 - $99,999"
3D Systems,ProJet 3500 DP,HD,,Material Jetting,Polymer,Acrylic,11.75,7.3,8,"$50,000 - $99,999"
3D Systems,ProJet 3500 DP,UHD,,Material Jetting,Polymer,Acrylic,8,7,6,"$50,000 - $99,999"
3D Systems,ProJet 3500 HD,HD,,Material Jetting,Polymer,ABS,11.75,7.3,8,"$50,000 - $99,999"
3D Systems,ProJet 3500 HD,UHD,,Material Jetting,Polymer,ABS,5,6,7,"$50,000 - $99,999"
3D Systems,ProJet 3500 HDMax,HD,,Material Jetting,Polymer,ABS,11.75,7.3,8,"$50,000 - $99,999"
3D Systems,ProJet 3500 HDMax,HS,,Material Jetting,Polymer,ABS,11.75,7.3,8,"$50,000 - $99,999"
3D Systems,ProJet 3500 HDMax,UHD,,Material Jetting,Polymer,ABS,11.75,7.3,8,"$50,000 - $99,999"
3D Systems,ProJet 3500 HDMax,XHD,,Material Jetting,Polymer,ABS,11.75,7.3,8,"$50,000 - $99,999"
3D Systems,ProJet 3500 HDPlus,HD,,Material Jetting,Polymer,ABS,11.75,7.3,8,"$50,000 - $99,999"
3D Systems,ProJet 3500 HDPlus,UHD,,Material Jetting,Polymer,ABS,8,7,6,"$50,000 - $99,999"
3D Systems,ProJet 3500 HDPlus,XHD,,Material Jetting,Polymer,ABS,8,7,6,"$50,000 - $99,999"
3D Systems,ProJet 3500 MP,HDP,,Material Jetting,Polymer,Acrylic,11.75,7.3,8,"$50,000 - $99,999"
3D Systems,ProJet 3500 MP,HDX,,Material Jetting,Polymer,Acrylic,11.75,7.3,8,"$50,000 - $99,999"
3D Systems,ProJet 3500 SD,HD,,Material Jetting,Polymer,ABS,11.75,7.3,8,"$50,000 - $99,999"
3D Systems,ProJet 360,Monochrome,,Binder Jetting,Composite,Gypsum,8,10,8,"Less than $49,999"
3D Systems,ProJet 4500,Standard,,Binder Jetting,Polymer,,8,10,8,"$50,000 - $99,999"
3D Systems,ProJet 460Plus,Full CMY,,Binder Jetting,Composite,Gypsum,8,10,8,"Less than $49,999"
3D Systems,ProJet 5000,HD,,Material Jetting,Polymer,"ABS/PP, PP",21,15,11.8,"$100,000 - $249,999"
3D Systems,ProJet 5000,HS,,Material Jetting,Polymer,"ABS/PP, PP",21,15,11.8,"$100,000 - $249,999"
3D Systems,ProJet 5000,UHD,,Material Jetting,Polymer,"ABS/PP, PP",21,15,11.8,"$100,000 - $249,999"
3D Systems,Projet 5500X,HD,,Material Jetting,Polymer,"ABS, PC, Rubber",21,15,11.8,"$100,000 - $249,999"
3D Systems,Projet 5500X,UHD,,Material Jetting,Polymer,"ABS, PC, Rubber",21,15,11.8,"$100,000 - $249,999"
3D Systems,ProJet 6000 HD,HD,,Vat Photopolymerization (e.g. SLA),Polymer,"ABS, ABS/PP, PC, PP",10,10,10,"$100,000 - $249,999"
3D Systems,ProJet 6000 HD,UHD,,Vat Photopolymerization (e.g. SLA),Polymer,"ABS, ABS/PP, PC, PP",10,10,10,"$100,000 - $249,999"
3D Systems,ProJet 6000 HD,XHD,,Vat Photopolymerization (e.g. SLA),Polymer,"ABS, ABS/PP, PC, PP",10,10,10,"$100,000 - $249,999"
3D Systems,ProJet 6000 MP,HD,,Vat Photopolymerization (e.g. SLA),Polymer,"ABS, ABS/PP, PC, PP",10,10,10,"$100,000 - $249,999"
3D Systems,ProJet 6000 MP,UHD,,Vat Photopolymerization (e.g. SLA),Polymer,"ABS, ABS/PP, PC, PP",10,10,10,"$100,000 - $249,999"
3D Systems,ProJet 6000 MP,XHD,,Vat Photopolymerization (e.g. SLA),Polymer,"ABS, ABS/PP, PC, PP",10,10,10,"$100,000 - $249,999"
3D Systems,ProJet 6000 SD,HD,,Vat Photopolymerization (e.g. SLA),Polymer,"ABS, ABS/PP, PC, PP",10,10,10,"$100,000 - $249,999"
3D Systems,ProJet 6000 SD,UHD,,Vat Photopolymerization (e.g. SLA),Polymer,"ABS, ABS/PP, PC, PP",10,10,10,"$100,000 - $249,999"
3D Systems,ProJet 660Pro,Full CMYK,,Binder Jetting,Composite,Gypsum,10,15,8,"$50,000 - $99,999"
3D Systems,ProJet 7000 HD,HD,,Vat Photopolymerization (e.g. SLA),Polymer,"ABS, ABS/PP, PC, PP",15,15,10,"$250,000 - $499,999"
3D Systems,ProJet 7000 HD,UHD,,Vat Photopolymerization (e.g. SLA),Polymer,"ABS, ABS/PP, PC, PP",15,15,10,"$250,000 - $499,999"
3D Systems,ProJet 7000 HD,XHD,,Vat Photopolymerization (e.g. SLA),Polymer,"ABS, ABS/PP, PC, PP",15,15,10,"$250,000 - $499,999"
3D Systems,ProJet 7000 MP,HD,,Vat Photopolymerization (e.g. SLA),Polymer,"ABS, ABS/PP, PC, PP",15,15,10,"$250,000 - $499,999"
3D Systems,ProJet 7000 MP,UHD,,Vat Photopolymerization (e.g. SLA),Polymer,"ABS, ABS/PP, PC, PP",15,15,10,"$250,000 - $499,999"
3D Systems,ProJet 7000 MP,XHD,,Vat Photopolymerization (e.g. SLA),Polymer,"ABS, ABS/PP, PC, PP",15,15,10,"$250,000 - $499,999"
3D Systems,ProJet 7000 SD,HD,,Vat Photopolymerization (e.g. SLA),Polymer,"ABS, ABS/PP, PC, PP",15,15,10,"$250,000 - $499,999"
3D Systems,ProJet 7000 SD,UHD,,Vat Photopolymerization (e.g. SLA),Polymer,"ABS, ABS/PP, PC, PP",15,15,10,"$250,000 - $499,999"
3D Systems,ProJet 860Pro,Full CMYK,,Binder Jetting,Composite,Gypsum,20,15,9,"$100,000 - $249,999"
3D Systems,ProX 100,,50,Powder Bed Fusion (e.g. SLS),"Metal, Ceramic, Composite","Steel, Cobalt, Nickel, Aluminum, Titanium, Cermet",3.94,3.94,3.14,"$100,000 - $249,999"
3D Systems,ProX 100,Dental,50,Powder Bed Fusion (e.g. SLS),"Metal, Ceramic, Composite","Steel, Cobalt, Nickel, Aluminum, Titanium, Cermet",3.94,3.94,3.14,"$100,000 - $249,999"
3D Systems,ProX 200,,300,Powder Bed Fusion (e.g. SLS),"Metal, Ceramic, Composite","Steel, Cobalt, Nickel, Aluminum, Titanium, Cermet",5.51,5.51,3.94,"$250,000 - $499,999"
3D Systems,ProX 200,Dental,300,Powder Bed Fusion (e.g. SLS),"Metal, Ceramic, Composite","Steel, Cobalt, Nickel, Aluminum, Titanium, Cermet",5.51,5.51,3.94,"$250,000 - $499,999"
3D Systems,ProX 300,,500,Powder Bed Fusion (e.g. SLS),"Metal, Ceramic, Composite","Steel, Cobalt, Nickel, Aluminum, Titanium, Cermet",9.84,9.84,11.81,"$500,000 - $999,999"
3D Systems,ProX 400,,500,Powder Bed Fusion (e.g. SLS),"Metal, Ceramic","Steel, Cobalt, Aluminum, Titanium",19.69,19.69,19.69,Price not reported
3D Systems,ProX 400,,1000,Powder Bed Fusion (e.g. SLS),"Metal, Ceramic","Steel, Cobalt, Aluminum, Titanium",19.69,19.69,19.69,Price not reported
3D Systems,ProX 500,Standard,100,Powder Bed Fusion (e.g. SLS),"Composite, Polymer",PA,15,13,18,"$250,000 - $499,999"
3D Systems,ProX 500 Plus,,100,Powder Bed Fusion (e.g. SLS),"Composite, Polymer","PA, PA-Glass, PA-Metal",15,13,18,"$250,000 - $499,999"
3D Systems,ProX 800,Full,,Vat Photopolymerization (e.g. SLA),"Composite, Polymer","ABS, ABS/PP, PP",25.6,29.5,21.65,"$250,000 - $499,999"
3D Systems,ProX 800,Half,,Vat Photopolymerization (e.g. SLA),"Composite, Polymer","ABS, ABS/PP, PP",25.6,29.5,10.8,"$250,000 - $499,999"
3D Systems,ProX 800,Short,,Vat Photopolymerization (e.g. SLA),"Composite, Polymer","ABS, ABS/PP, PP",25.6,29.5,1.97,"$250,000 - $499,999"
3D Systems,ProX 950,RDM 950,,Vat Photopolymerization (e.g. SLA),Polymer,"ABS, ABS/PP, PP",59,30,22,"$500,000 - $999,999"
3D Systems,sPro 140,Base,70,Powder Bed Fusion (e.g. SLS),"Composite, Polymer","ABS/PP, PA, PA-Glass, Rubber",22,22,18,"$500,000 - $999,999"
3D Systems,sPro 140,HS,200,Powder Bed Fusion (e.g. SLS),"Composite, Polymer","ABS/PP, PA, PA-Glass, Rubber",22,22,18,"$500,000 - $999,999"
3D Systems,sPro 230,Base,70,Powder Bed Fusion (e.g. SLS),"Composite, Polymer","ABS/PP, PA, PA-Glass, Rubber",22,22,30,"$500,000 - $999,999"
3D Systems,sPro 230,HS,200,Powder Bed Fusion (e.g. SLS),"Composite, Polymer","ABS/PP, PA, PA-Glass, Rubber",22,22,30,"$500,000 - $999,999"
3D Systems,sPro 60,HD Base,30,Powder Bed Fusion (e.g. SLS),"Composite, Polymer","ABS/PP, PA, PA-Glass, Rubber",15,13,18,"$250,000 - $499,999"
3D Systems,sPro 60,HD-HS,70,Powder Bed Fusion (e.g. SLS),"Composite, Polymer","ABS/PP, PA, PA-Glass, Rubber",15,13,18,"$250,000 - $499,999"
3D Systems,sPro 60,SD,30,Powder Bed Fusion (e.g. SLS),"Composite, Polymer","ABS/PP, PA, PA-Glass, Rubber",15,13,18,"$250,000 - $499,999"
3DCeram,Ceramaker,,,Vat Photopolymerization (e.g. SLA),Ceramic,,11.8,11.8,4.3,Price not reported
3DP Unlimited,3DP1000,,,Material Extrusion (e.g. FDM),Polymer,"PLA, ABS, PC, PA, PVA, HIPS",39.4,39.4,19.7,"Less than $49,999"
3Geometry,DSM 1200,,,Powder Bed Fusion (e.g. SLS),Sand,Silicate,47.2,47.2,16.5,Price not reported
3Geometry,DSM 1200 HI,,,Powder Bed Fusion (e.g. SLS),Sand,Silicate,47.2,47.2,16.5,Price not reported
3Geometry,DSM 350,,,Powder Bed Fusion (e.g. SLS),Sand,Silicate,13.8,13.8,13.8,Price not reported
3Geometry,DSM 350 HI,,,Powder Bed Fusion (e.g. SLS),Sand,Silicate,13.8,13.8,13.8,Price not reported
3Geometry,DSM 500,,,Powder Bed Fusion (e.g. SLS),Sand,Silicate,19.7,19.7,16.5,Price not reported
3Geometry,DSM 500 HI,,,Powder Bed Fusion (e.g. SLS),Sand,Silicate,19.7,19.7,16.5,Price not reported
3Geometry,DSM 800,,,Powder Bed Fusion (e.g. SLS),Sand,Silicate,31.5,31.5,16.5,Price not reported
3Geometry,DSM 800 HI,,,Powder Bed Fusion (e.g. SLS),Sand,Silicate,31.5,31.5,16.5,Price not reported
Arcam,Arcam A2,Build tank volume 1,,Powder Bed Fusion (e.g. SLS),Metal,,7.87,7.87,9.84,"$500,000 - $999,999"
Arcam,Arcam A2,Build tank volume 2,,Powder Bed Fusion (e.g. SLS),Metal,,11.81,11.81,7.87,"$500,000 - $999,999"
Arcam,Arcam Q10,N/A,,Powder Bed Fusion (e.g. SLS),Metal,,7.87,7.87,7.09,"$500,000 - $999,999"
Arcam,Arcam Q20,N/A,,Powder Bed Fusion (e.g. SLS),Metal,,13.78,13.78,14.96,"$500,000 - $999,999"
Asiga,Freeform Pico,N/A,,Vat Photopolymerization (e.g. SLA),Polymer,"ABS/PP, Wax",1.18,1.57,2.99,"Less than $49,999"
Asiga,Freeform Pico,Plus 27,,Vat Photopolymerization (e.g. SLA),Polymer,"ABS/PP, Wax",1.38,0.86,2.99,"Less than $49,999"
Asiga,Freeform Pico,Plus 33,,Vat Photopolymerization (e.g. SLA),Polymer,"ABS/PP, Wax",1.67,1.04,2.99,"Less than $49,999"
Asiga,Freeform Pico,Plus 39,,Vat Photopolymerization (e.g. SLA),Polymer,"ABS/PP, Wax",1.97,1.23,2.99,"Less than $49,999"
Asiga,Freeform PRO,50,,Vat Photopolymerization (e.g. SLA),Polymer,"ABS/PP, Wax",3.78,2.13,7.87,"Less than $49,999"
Asiga,Freeform PRO,75,,Vat Photopolymerization (e.g. SLA),Polymer,"ABS/PP, Wax",5.67,3.19,7.87,"Less than $49,999"
BeAM,CLAD Unit,,,Directed Energy Deposition,Metal,,39.4,27.6,27.6,Price not reported
BeAM,MAGIC,,,Directed Energy Deposition,Metal,,59.1,31.5,31.5,Price not reported
BeAM,Mobile CLAD,,,Directed Energy Deposition,Metal,,15.7,9.8,7.9,"$250,000 - $499,999"
Beijing Tiertime Technology,Inspire A370,,,Material Extrusion (e.g. FDM),Polymer,ABS,12.6,12.99,14.57,"$50,000 - $99,999"
Beijing Tiertime Technology,Inspire A450,,,Material Extrusion (e.g. FDM),Polymer,ABS,13.78,14.96,17.72,"$50,000 - $99,999"
Beijing Tiertime Technology,Inspire D255,,,Material Extrusion (e.g. FDM),Polymer,ABS,10.04,10.04,12.2,"Less than $49,999"
Beijing Tiertime Technology,Inspire D290,,,Material Extrusion (e.g. FDM),Polymer,ABS,10.04,11.42,12.6,"Less than $49,999"
Beijing Tiertime Technology,Inspire S220,,,Material Extrusion (e.g. FDM),Polymer,ABS,5.91,7.87,7.87,"Less than $49,999"
Beijing Tiertime Technology,Inspire S250,,,Material Extrusion (e.g. FDM),Polymer,ABS,5.91,7.87,9.84,"Less than $49,999"
BigRep,BigRep ONE.2,,,Material Extrusion (e.g. FDM),Polymer,"PLA, CoPolymere, Laywood, Laybrick",43.31,42.01,43.19,"Less than $49,999"
CMET,ATOMm-4000,,,Vat Photopolymerization (e.g. SLA),Polymer,"Epoxy, Silicone",15.7,15.7,11.8,"$100,000 - $249,999"
CMET,ATOMm-8000,,,Vat Photopolymerization (e.g. SLA),Polymer,"Epoxy, Silicone",31.5,23.6,15.7,Price not reported
CMET,EQ-1,,,Vat Photopolymerization (e.g. SLA),Polymer,"Epoxy, Silicone",24,24,19.7,"$250,000 - $499,999"
CMET,RM-3000,,,Vat Photopolymerization (e.g. SLA),Polymer,"Epoxy, Silicone",11.8,11.8,9.8,Price not reported
CMET,RM-6000 II,,,Vat Photopolymerization (e.g. SLA),Polymer,"Epoxy, Silicone",24,24,19.7,Price not reported
Concept Laser,M1 cusing,N/A,200,Powder Bed Fusion (e.g. SLS),Metal,"Cobalt, Nickel, Steel",9.84,9.84,9.84,"$250,000 - $499,999"
Concept Laser,M2 cusing,N/A,200,Powder Bed Fusion (e.g. SLS),Metal,"Aluminum, Cobalt, Nickel, Steel, Titanium",9.84,9.84,11.02,"$250,000 - $499,999"
Concept Laser,M2 cusing,N/A,400,Powder Bed Fusion (e.g. SLS),Metal,"Aluminum, Cobalt, Nickel, Steel, Titanium",9.84,9.84,11.02,"$250,000 - $499,999"
Concept Laser,M3 linear,N/A,200,Powder Bed Fusion (e.g. SLS),Metal,"Cobalt, Nickel, Steel",11.81,13.78,11.81,"$500,000 - $999,999"
Concept Laser,M3 linear,N/A,400,Powder Bed Fusion (e.g. SLS),Metal,"Cobalt, Nickel, Steel",11.81,13.78,11.81,"$500,000 - $999,999"
Concept Laser,Mlab cusing,N/A,50,Powder Bed Fusion (e.g. SLS),Metal,"Cobalt, Steel, Bronze, Gold",3.54,3.54,3.15,"$100,000 - $249,999"
Concept Laser,Mlab cusing,N/A,100,Powder Bed Fusion (e.g. SLS),Metal,"Cobalt, Steel, Bronze, Gold",3.54,3.54,3.15,"$100,000 - $249,999"
Concept Laser,Mlab cusing R,N/A,100,Powder Bed Fusion (e.g. SLS),Metal,"Bronze, Cobalt, Gold, Silver, Steel, Titanium",3.54,3.54,3.15,"$100,000 - $249,999"
Concept Laser,X line 1000R,N/A,1000,Powder Bed Fusion (e.g. SLS),Metal,"Aluminum, Titanium, Nickel",24.8,15.75,19.69,"Greater than $1,000,000"
D-MEC,ACCULAS,,,Vat Photopolymerization (e.g. SLA),Polymer,,2,2,,Price not reported
D-MEC,SCS-1000HD,,,Vat Photopolymerization (e.g. SLA),Polymer,"Epoxy, Oxycetane",11.8,11.8,10.6,Price not reported
D-MEC,SCS-6000,,,Vat Photopolymerization (e.g. SLA),Polymer,Epoxy,11.8,11.8,9.8,Price not reported
D-MEC,SCS-8100,,,Vat Photopolymerization (e.g. SLA),Polymer,Epoxy,1345,1345,1102,Price not reported
D-MEC,SCS-8100,D,,Vat Photopolymerization (e.g. SLA),Polymer,Epoxy,1345,1345,1102,Price not reported
D-MEC,SCS-9000,,,Vat Photopolymerization (e.g. SLA),Polymer,Epoxy,39.4,31.5,19.7,Price not reported
DWS Systems,DigitalWax 008J,,,Vat Photopolymerization (e.g. SLA),"Polymer, Wax",Wax,2.56,2.56,3.54,"Less than $49,999"
DWS Systems,DigitalWax 009D,,,Vat Photopolymerization (e.g. SLA),"Polymer, Wax",Wax,1.97,1.46,3.94,"Less than $49,999"
DWS Systems,DigitalWax 009J,,,Vat Photopolymerization (e.g. SLA),"Polymer, Wax",Wax,1.97,1.46,3.94,"Less than $49,999"
DWS Systems,DigitalWax 020D,,,Vat Photopolymerization (e.g. SLA),"Polymer, Wax",Wax,5.12,5.12,3.54,"Less than $49,999"
DWS Systems,DigitalWax 020X,,,Vat Photopolymerization (e.g. SLA),"Polymer, Wax",Wax,5.12,5.12,3.54,"Less than $49,999"
DWS Systems,DigitalWax 028D,,,Vat Photopolymerization (e.g. SLA),"Polymer, Wax",Wax,3.54,3.54,3.54,"$50,000 - $99,999"
DWS Systems,DigitalWax 028J,,,Vat Photopolymerization (e.g. SLA),"Polymer, Wax",Wax,2.56,2.56,3.54,"Less than $49,999"
DWS Systems,DigitalWax 028J Plus,,,Vat Photopolymerization (e.g. SLA),"Polymer, Wax",Wax,3.54,3.54,3.54,"$50,000 - $99,999"
DWS Systems,DigitalWax 029D,,,Vat Photopolymerization (e.g. SLA),"Polymer, Wax",Wax,5.91,5.91,3.94,"$100,000 - $249,999"
DWS Systems,DigitalWax 029J,,,Vat Photopolymerization (e.g. SLA),"Polymer, Wax",Wax,4.33,4.33,3.94,"$50,000 - $99,999"
DWS Systems,DigitalWax 029J Plus,,,Vat Photopolymerization (e.g. SLA),"Polymer, Wax",Wax,5.91,5.91,3.94,"$100,000 - $249,999"
DWS Systems,DigitalWax 029X,,,Vat Photopolymerization (e.g. SLA),"Polymer, Wax",Wax,5.91,5.91,7.87,"$100,000 - $249,999"
DWS Systems,DigitalWax 030D HR,,,Vat Photopolymerization (e.g. SLA),"Polymer, Wax",Wax,11.81,11.81,11.81,"$100,000 - $249,999"
DWS Systems,DigitalWax 030D SR,,,Vat Photopolymerization (e.g. SLA),"Polymer, Wax",Wax,9.84,9.84,9.84,"$100,000 - $249,999"
DWS Systems,DigitalWax 030J,,,Vat Photopolymerization (e.g. SLA),"Polymer, Wax",Wax,11.81,11.81,11.81,"$250,000 - $499,999"
DWS Systems,DigitalWax 030X,,,Vat Photopolymerization (e.g. SLA),"Polymer, Wax",Wax,11.81,11.81,11.81,"$250,000 - $499,999"
EnvisionTEC,3Dent,N/A,,Vat Photopolymerization (e.g. SLA),"Ceramic, Polymer","ABS, Gypsum",10.5,7,3,"$50,000 - $99,999"
EnvisionTEC,Perfactory 3 DDP,"ERM, Lens f = 2.36"" (60mm)",,Vat Photopolymerization (e.g. SLA),"Ceramic, Composite, Polymer","ABS, Gypsum",3.31,2.48,9.06,"$50,000 - $99,999"
EnvisionTEC,Perfactory 3 DDP,"ERM, Lens f = 2.36"" (60mm), Increased Productivity",,Vat Photopolymerization (e.g. SLA),"Ceramic, Composite, Polymer","ABS, Gypsum",3.59,2.66,9.06,"$50,000 - $99,999"
EnvisionTEC,Perfactory 3 DSP,ERM,,Vat Photopolymerization (e.g. SLA),Polymer,ABS,5.5,4.1,9.06,"$50,000 - $99,999"
EnvisionTEC,Perfactory 3 DSP,N/A,,Vat Photopolymerization (e.g. SLA),Polymer,ABS,5.5,4.1,9.06,"$50,000 - $99,999"
EnvisionTEC,Perfactory 4 DDP4,ERM,,Vat Photopolymerization (e.g. SLA),"Ceramic, Composite, Polymer",Gypsum,4.5,2.8,9.06,"$50,000 - $99,999"
EnvisionTEC,Perfactory 4 DDP4 M,ERM,,Vat Photopolymerization (e.g. SLA),"Ceramic, Polymer",Gypsum,6.3,3.9,9.06,"$50,000 - $99,999"
EnvisionTEC,Perfactory 4 DDP4 XL,ERM,,Vat Photopolymerization (e.g. SLA),"Ceramic, Polymer",Gypsum,7.6,4.7,9.06,"$50,000 - $99,999"
EnvisionTEC,Perfactory 4 DSP,ERM,,Vat Photopolymerization (e.g. SLA),Polymer,ABS,6.3,3.9,9.06,"$50,000 - $99,999"
EnvisionTEC,Perfactory 4 DSP,N/A,,Vat Photopolymerization (e.g. SLA),Polymer,ABS,6.3,3.9,9.06,"$50,000 - $99,999"
EnvisionTEC,Perfactory 4 DSP XL,ERM,,Vat Photopolymerization (e.g. SLA),Polymer,ABS,7.6,4.7,9.06,"$100,000 - $249,999"
EnvisionTEC,Perfactory 4 DSP XL,N/A,,Vat Photopolymerization (e.g. SLA),Polymer,ABS,7.6,4.7,9.06,"$100,000 - $249,999"
EnvisionTEC,Perfactory 4 Mini,"ERM, Lens f = 2.36"" (60mm)",,Vat Photopolymerization (e.g. SLA),"Composite, Polymer, Wax","ABS, Wax",2.5,1.6,9.06,"$50,000 - $99,999"
EnvisionTEC,Perfactory 4 Mini,"ERM, Lens f = 2.95"" (75mm)",,Vat Photopolymerization (e.g. SLA),"Composite, Polymer, Wax","ABS, Wax",1.5,0.9,9.06,"$50,000 - $99,999"
EnvisionTEC,Perfactory 4 Mini XL,"ERM, Lens f = 2.36"" (60mm)",,Vat Photopolymerization (e.g. SLA),"Composite, Polymer, Wax","ABS, Wax",4.5,2.8,9.06,"$50,000 - $99,999"
EnvisionTEC,Perfactory 4 Mini XL,"ERM, Lens f = 2.95"" (75mm)",,Vat Photopolymerization (e.g. SLA),"Composite, Polymer, Wax","ABS, Wax",3.3,2.1,9.06,"$50,000 - $99,999"
EnvisionTEC,Perfactory 4 Standard,ERM,,Vat Photopolymerization (e.g. SLA),"Composite, Polymer, Wax","ABS, PP, Wax",6.3,3.9,9.06,"$50,000 - $99,999"
EnvisionTEC,Perfactory 4 Standard,N/A,,Vat Photopolymerization (e.g. SLA),"Composite, Polymer, Wax","ABS, PP, Wax",6.3,3.9,9.06,"$50,000 - $99,999"
EnvisionTEC,Perfactory 4 Standard XL,ERM,,Vat Photopolymerization (e.g. SLA),"Composite, Polymer, Wax","ABS, Wax",7.6,4.7,9.06,"$50,000 - $99,999"
EnvisionTEC,Perfactory 4 Standard XL,N/A,,Vat Photopolymerization (e.g. SLA),"Composite, Polymer, Wax","ABS, Wax",7.6,4.7,9.06,"$50,000 - $99,999"
EnvisionTEC,Perfactory Apollo,N/A,,Vat Photopolymerization (e.g. SLA),"Composite, Polymer, Wax",Wax,3.94,2.95,3.94,"Less than $49,999"
EnvisionTEC,Perfactory Aureus,N/A,,Vat Photopolymerization (e.g. SLA),"Composite, Polymer, Wax",Wax,2.36,1.77,3.94,"Less than $49,999"
EnvisionTEC,Perfactory DDDP,N/A,,Vat Photopolymerization (e.g. SLA),"Ceramic, Polymer",Gypsum,3.94,2.95,3.94,"Less than $49,999"
EnvisionTEC,Perfactory DDSP,N/A,,Vat Photopolymerization (e.g. SLA),Polymer,ABS,3.94,2.94,3.94,"Less than $49,999"
EnvisionTEC,Perfactory Desktop XL,N/A,,Vat Photopolymerization (e.g. SLA),"Composite, Polymer",ABS,3.94,2.94,3.94,"Less than $49,999"
EnvisionTEC,Perfactory Micro Advantage,N/A,,Vat Photopolymerization (e.g. SLA),"Polymer, Wax","ABS, Wax",2.36,1.77,3.94,"Less than $49,999"
EnvisionTEC,Perfactory Micro DDP,N/A,,Vat Photopolymerization (e.g. SLA),"Composite, Polymer",,1.57,1.18,3.94,"Less than $49,999"
EnvisionTEC,Perfactory Micro DGP,N/A,,Vat Photopolymerization (e.g. SLA),Polymer,,3.94,2.94,3.94,"Less than $49,999"
EnvisionTEC,Perfactory Micro DSP L,N/A,,Vat Photopolymerization (e.g. SLA),Polymer,ABS,2.36,1.77,3.94,"Less than $49,999"
EnvisionTEC,Perfactory Micro DSP M,N/A,,Vat Photopolymerization (e.g. SLA),Polymer,ABS,1.97,1.48,3.94,"Less than $49,999"
EnvisionTEC,Perfactory Micro DSP S,N/A,,Vat Photopolymerization (e.g. SLA),Polymer,ABS,1.57,1.18,3.94,"Less than $49,999"
EnvisionTEC,Perfactory Micro EDU,N/A,,Vat Photopolymerization (e.g. SLA),"Ceramic, Polymer, Wax","ABS, Gypsum, PP, Wax",3.94,2.94,3.94,"Less than $49,999"
EnvisionTEC,Perfactory Micro HiRes,N/A,,Vat Photopolymerization (e.g. SLA),"Polymer, Wax","ABS, Wax",1.57,1.18,3.94,"Less than $49,999"
EnvisionTEC,Perfactory Micro Ortho,N/A,,Vat Photopolymerization (e.g. SLA),"Ceramic, Polymer","ABS, Gypsum",3.94,2.94,3.94,"Less than $49,999"
EnvisionTEC,Perfactory Micro XL,N/A,,Vat Photopolymerization (e.g. SLA),"Ceramic, Polymer","ABS, Gypsum, PP",3.94,2.94,3.94,"Less than $49,999"
EnvisionTEC,Perfactory Mini DDSP,N/A,,Vat Photopolymerization (e.g. SLA),Polymer,ABS,2.36,1.77,3.94,"Less than $49,999"
EnvisionTEC,Perfactory PixCera,N/A,,Vat Photopolymerization (e.g. SLA),"Ceramic, Composite, Polymer",Gypsum,2.36,1.77,3.94,"Less than $49,999"
EnvisionTEC,ULTRA 3SP,N/A,,Vat Photopolymerization (e.g. SLA),Polymer,"ABS, PP",10.5,6.9,7.6,"Less than $49,999"
EnvisionTEC,ULTRA 3SP High Definition,N/A,,Vat Photopolymerization (e.g. SLA),Polymer,"ABS, PP",10.5,6.9,7.6,"$50,000 - $99,999"
EnvisionTEC,ULTRA 3SP Ortho,N/A,,Vat Photopolymerization (e.g. SLA),Polymer,ABS,10.5,6.9,3,"Less than $49,999"
EnvisionTEC,Xede 3SP,N/A,,Vat Photopolymerization (e.g. SLA),Polymer,ABS,18,18,18,"$100,000 - $249,999"
EnvisionTEC,Xtreme 3SP,N/A,,Vat Photopolymerization (e.g. SLA),Polymer,ABS,10,15,13,"$100,000 - $249,999"
EOS,EOS M 290,N/A,400,Powder Bed Fusion (e.g. SLS),Metal,"Aluminum, Cobalt, Nickel, Steel, Titanium",9.85,9.85,12.8,"$500,000 - $999,999"
EOS,EOS M 400,N/A,1000,Powder Bed Fusion (e.g. SLS),Metal,,15.8,15.8,15.8,"Greater than $1,000,000"
EOS,EOS P 396,N/A,70,Powder Bed Fusion (e.g. SLS),"Composite, Polymer",,13.4,13.4,23.6,"$250,000 - $499,999"
EOS,EOSINT M 270,Dual Mode,200,Powder Bed Fusion (e.g. SLS),Metal,"Cobalt, Nickel, Steel, Titanium",9.85,9.85,8.5,"$250,000 - $499,999"
EOS,EOSINT M 270,N/A,200,Powder Bed Fusion (e.g. SLS),Metal,"Cobalt, Nickel, Steel, Titanium",9.85,9.85,8.5,"$250,000 - $499,999"
EOS,EOSINT M 270,Standard,200,Powder Bed Fusion (e.g. SLS),Metal,"Cobalt, Nickel, Steel, Titanium",9.85,9.85,8.5,"$250,000 - $499,999"
EOS,EOSINT M 270,Xtended,200,Powder Bed Fusion (e.g. SLS),Metal,"Cobalt, Nickel, Steel, Titanium",9.85,9.85,8.5,"$250,000 - $499,999"
EOS,EOSINT M 280,N/A,400,Powder Bed Fusion (e.g. SLS),Metal,"Aluminum, Cobalt, Nickel, Steel, Titanium",9.85,9.85,12.8,"$250,000 - $499,999"
EOS,EOSINT M 280,N/A,200,Powder Bed Fusion (e.g. SLS),Metal,"Aluminum, Cobalt, Nickel, Steel, Titanium",9.85,9.85,12.8,"$250,000 - $499,999"
EOS,EOSINT P 350,N/A,,Powder Bed Fusion (e.g. SLS),"Composite, Polymer","PA, PA-Glass",,,,Price not reported
EOS,EOSINT P 360,N/A,,Powder Bed Fusion (e.g. SLS),"Composite, Polymer","PA, PA-Glass, PA-Metal, PS",,,,Price not reported
EOS,EOSINT P 380,N/A,50,Powder Bed Fusion (e.g. SLS),"Composite, Polymer","PA, PA-Carbon, PA-Glass, PA-Metal, PS",13.4,13.4,24.4,Price not reported
EOS,EOSINT P 380i,N/A,,Powder Bed Fusion (e.g. SLS),"Composite, Polymer","PA, PA-Carbon, PA-Glass, PA-Metal, PS",,,,Price not reported
EOS,EOSINT P 385,N/A,,Powder Bed Fusion (e.g. SLS),"Composite, Polymer","PA, PA-Carbon, PA-Glass, PA-Metal, PS",13.4,13.4,24.4,Price not reported
EOS,EOSINT P 390,N/A,50,Powder Bed Fusion (e.g. SLS),"Composite, Polymer","PA, PA-Carbon, PA-Glass, PA-Metal, PS",13.4,13.4,24.4,Price not reported
EOS,EOSINT P 395,Basic,50,Powder Bed Fusion (e.g. SLS),"Composite, Polymer","PA, PA-Carbon, PA-Glass, PA-Metal, PS, TPE",13.4,13.4,24.4,Price not reported
EOS,EOSINT P 395,Surface,50,Powder Bed Fusion (e.g. SLS),"Composite, Polymer","PA, PA-Carbon, PA-Glass, PA-Metal, PS, TPE",13.4,13.4,24.4,Price not reported
EOS,EOSINT P 700,N/A,50,Powder Bed Fusion (e.g. SLS),"Composite, Polymer","PA, PA-Glass, PA-Metal, PS",27.6,15,22.9,Price not reported
EOS,EOSINT P 730,N/A,50,Powder Bed Fusion (e.g. SLS),"Composite, Polymer","PA, PA-Glass, PA-Metal, PS",27.6,15,22.9,Price not reported
EOS,EOSINT P 760,Basic,50,Powder Bed Fusion (e.g. SLS),"Composite, Polymer","PA, PA-Glass, PA-Metal, PS",27.6,15,22.9,"$500,000 - $999,999"
EOS,EOSINT P 760,Surface,50,Powder Bed Fusion (e.g. SLS),"Composite, Polymer","PA, PA-Glass, PA-Metal, PS",27.6,15,22.9,"$500,000 - $999,999"
EOS,EOSINT P 800,N/A,50,Powder Bed Fusion (e.g. SLS),"Composite, Polymer",PEEK,27.6,15,22.05,"$500,000 - $999,999"
EOS,EOSINT P 800,Standard,50,Powder Bed Fusion (e.g. SLS),"Composite, Polymer",PEEK,27.6,15,22.05,"$500,000 - $999,999"
EOS,EOSINT S 750,N/A,1000,Powder Bed Fusion (e.g. SLS),Sand,Silicate,28.4,15,15,"$500,000 - $999,999"
EOS,FORMIGA P 100,N/A,30,Powder Bed Fusion (e.g. SLS),"Composite, Polymer",,7.9,9.8,13,"$100,000 - $249,999"
EOS,FORMIGA P 100 (Rel 2),N/A,,Powder Bed Fusion (e.g. SLS),"Composite, Polymer","PA, PA-Glass, PA-Metal, PS",,,,"$100,000 - $249,999"
EOS,FORMIGA P 100 Dental,N/A,,Powder Bed Fusion (e.g. SLS),"Composite, Polymer",PA,,,,"$100,000 - $249,999"
EOS,FORMIGA P 110,N/A,30,Powder Bed Fusion (e.g. SLS),"Composite, Polymer","PA, PA-Glass, PA-Metal, PS",7.9,9.8,13,"$100,000 - $249,999"
EOS,Precious M 080,N/A,100,Powder Bed Fusion (e.g. SLS),Metal,Gold,3.15,3.15,3.94,"$100,000 - $249,999"
ExOne,Innovent,,,Binder Jetting,"Metal, Ceramic, Composite","Steel, Cobalt, Nickel, Aluminum, Titanium, Cermet",6.3,2.56,2.56,"$100,000 - $249,999"
ExOne,M-Flex,N/A,,Binder Jetting,Metal,Steel,15.7,9.8,9.8,"$250,000 - $499,999"
ExOne,M-Print,N/A,,Binder Jetting,Metal,Steel,31.5,19.68,15.75,"$100,000 - $249,999"
ExOne,S-Max Furan,N/A,,Binder Jetting,Sand,Silicate,70.9,39.37,27.56,"Greater than $1,000,000"
ExOne,S-Print Furan,N/A,,Binder Jetting,Sand,Silicate,31.5,19.68,15.75,"$500,000 - $999,999"
ExOne,S-Print Phenol,N/A,,Binder Jetting,Sand,Silicate,31.5,19.68,15.75,"$500,000 - $999,999"
ExOne,S-Print Silicate,N/A,,Binder Jetting,Sand,Silicate,31.5,19.68,15.75,"$500,000 - $999,999"
ExOne,X1-Lab,N/A,,Binder Jetting,Metal,Steel,1.5,2.3,1.3,"$100,000 - $249,999"
Fabrisonic,SonicLayer 4000,,,Sheet Lamination,Metal,"Aluminum, Steel, Titanium, Nickel, Copper, Gold, Silver, Refractory Metal",40,24,24,"Greater than $1,000,000"
Fabrisonic,SonicLayer 7200,,,Sheet Lamination,Metal,"Aluminum, Steel, Titanium, Nickel, Copper, Gold, Silver, Refractory Metal",72,72,36,"Greater than $1,000,000"
Fabrisonic,SonicLayer R200,,,Sheet Lamination,Metal,"Aluminum, Steel, Titanium, Nickel, Copper, Gold, Silver, Refractory Metal",22,12,10,"$250,000 - $499,999"
Hunan Farsoon,FARSOON 251,,30,Powder Bed Fusion (e.g. SLS),"Composite, Polymer","PA, PA-Glass, PA-Carbon, PA-Mineral",9.84,9.84,12.6,"$100,000 - $249,999"
Hunan Farsoon,FARSOON 401,,30,Powder Bed Fusion (e.g. SLS),"Composite, Polymer","PA, PA-Glass, PA-Carbon, PA-Mineral",15.75,15.75,17.72,"$250,000 - $499,999"
Hunan Farsoon,FARSOON 402,,100,Powder Bed Fusion (e.g. SLS),"Composite, Polymer","PA, PA-Glass, PA-Carbon, PA-Mineral",15.75,15.75,17.72,"$250,000 - $499,999"
Kevvox,SP4300,,,Vat Photopolymerization (e.g. SLA),Polymer,"PP, ABS",2.2,1.38,3.94,"Less than $49,999"
Kevvox,SP6200,,,Vat Photopolymerization (e.g. SLA),Polymer,"PP, ABS",3.15,1.97,3.94,"Less than $49,999"
Keyence,Agilista-3100,,,Material Jetting,Polymer,,11.69,8.27,7.87,"Less than $49,999"
Lithoz,CeraFab 7500,,,Vat Photopolymerization (e.g. SLA),Ceramic,"Zirconia, Alumina",3,1.7,5.9,"$100,000 - $249,999"
MCor Technologies,IRIS,,,Sheet Lamination,Paper,Paper,10.08,6.65,5.91,"Less than $49,999"
MCor Technologies,Matrix 300+,,,Sheet Lamination,Paper,Paper,10.08,6.65,5.91,"Less than $49,999"
Optomec,LENS 450,N/A,400,Directed Energy Deposition,Metal,,3.94,3.94,3.94,"$250,000 - $499,999"
Optomec,LENS 850-R,N/A,1000,Directed Energy Deposition,Metal,,35.43,59.06,35.43,"$500,000 - $999,999"
Optomec,LENS 850-R,N/A,2000,Directed Energy Deposition,Metal,,35.43,59.06,35.43,"$500,000 - $999,999"
Optomec,LENS 850-R,N/A,3000,Directed Energy Deposition,Metal,,35.43,59.06,35.43,"$500,000 - $999,999"
Optomec,LENS 850-R,N/A,4000,Directed Energy Deposition,Metal,,35.43,59.06,35.43,"$500,000 - $999,999"
Optomec,LENS MR-7,N/A,500,Directed Energy Deposition,Metal,,11.81,11.81,11.81,"$500,000 - $999,999"
Optomec,LENS MR-7,N/A,1000,Directed Energy Deposition,Metal,,11.81,11.81,11.81,"$500,000 - $999,999"
Optomec,LENS MR-7,N/A,2000,Directed Energy Deposition,Metal,,11.81,11.81,11.81,"$500,000 - $999,999"
Prodways,ProMaker D35,,,Vat Photopolymerization (e.g. SLA),Polymer,ABS,28.35,9.06,5.91,Price not reported
Prodways,ProMaker L5000,,,Vat Photopolymerization (e.g. SLA),Polymer,ABS,15.75,12.99,15.75,Price not reported
Prodways,ProMaker L5000 D,,,Vat Photopolymerization (e.g. SLA),Polymer,ABS,15.75,12.99,7.87,Price not reported
Prodways,ProMaker L6000,,,Vat Photopolymerization (e.g. SLA),Polymer,ABS,31.5,12.99,15.75,Price not reported
Prodways,ProMaker L6000 D,,,Vat Photopolymerization (e.g. SLA),Polymer,ABS,31.5,12.99,7.87,Price not reported
Prodways,ProMaker L7000,,,Vat Photopolymerization (e.g. SLA),Polymer,ABS,31.5,12.99,15.75,Price not reported
Prodways,ProMaker L7000 D,,,Vat Photopolymerization (e.g. SLA),Polymer,ABS,31.5,12.99,7.87,Price not reported
Prodways,ProMaker L8000,,,Vat Photopolymerization (e.g. SLA),Polymer,ABS,33.07,25.98,21.65,Price not reported
Prodways,ProMaker V6000,,,Vat Photopolymerization (e.g. SLA),Polymer,ABS,4.72,19.69,5.91,Price not reported
Realizer,SLM 100,,,Powder Bed Fusion (e.g. SLS),Metal,"Steel, Titanium, Aluminum, Cobalt, Nickel",4.92,4.92,7.87,"$100,000 - $249,999"
Realizer,SLM 125,,400,Powder Bed Fusion (e.g. SLS),Metal,"Steel, Titanium, Aluminum, Cobalt, Nickel",4.92,4.92,7.87,"$250,000 - $499,999"
Realizer,SLM 250,,400,Powder Bed Fusion (e.g. SLS),Metal,"Steel, Titanium, Aluminum, Cobalt, Nickel",9.84,9.84,11.81,"$250,000 - $499,999"
Realizer,SLM 250,,600,Powder Bed Fusion (e.g. SLS),Metal,"Steel, Titanium, Aluminum, Cobalt, Nickel",9.84,9.84,11.81,"$250,000 - $499,999"
Realizer,SLM 50,,,Powder Bed Fusion (e.g. SLS),Metal,"Steel, Titanium, Aluminum, Cobalt, Nickel, Gold",2.76,2.76,1.57,"$100,000 - $249,999"
Realizer,SLM300,,200,Powder Bed Fusion (e.g. SLS),Metal,"Steel, Titanium, Aluminum, Cobalt, Nickel",11.81,11.81,11.81,"$500,000 - $999,999"
Realizer,SLM300,,400,Powder Bed Fusion (e.g. SLS),Metal,"Steel, Titanium, Aluminum, Cobalt, Nickel",11.81,11.81,11.81,"$500,000 - $999,999"
Realizer,SLM300,,600,Powder Bed Fusion (e.g. SLS),Metal,"Steel, Titanium, Aluminum, Cobalt, Nickel",11.81,11.81,11.81,"$500,000 - $999,999"
Realizer,SLM300,,1000,Powder Bed Fusion (e.g. SLS),Metal,"Steel, Titanium, Aluminum, Cobalt, Nickel",11.81,11.81,11.81,"$500,000 - $999,999"
Renishaw,AM 250,N/A,200,Powder Bed Fusion (e.g. SLS),Metal,"Aluminum, Nickel, Titanium",9.65,9.65,11.81,"$500,000 - $999,999"
Renishaw,AM 250,N/A,400,Powder Bed Fusion (e.g. SLS),Metal,"Aluminum, Nickel, Titanium",9.65,9.65,11.81,"$500,000 - $999,999"
Sciaky,VX-110,Rotary / Headstock,,Directed Energy Deposition,Metal,,73,47,53,"Greater than $1,000,000"
Sciaky,VX-110,Rotary / Tilt,,Directed Energy Deposition,Metal,,73,47,32.5,"Greater than $1,000,000"
Sciaky,VX-110,Single Wirefeed,,Directed Energy Deposition,Metal,,70,,,"Greater than $1,000,000"
Sciaky,VX-110,Standard,,Directed Energy Deposition,Metal,,73,47,63,"Greater than $1,000,000"
Shaanxi Hengtong,Digital Light Processing,,,Vat Photopolymerization (e.g. SLA),Polymer,,5.91,4.72,3.15,"Less than $49,999"
Shaanxi Hengtong,SCPS350B,,,Vat Photopolymerization (e.g. SLA),Polymer,,13.78,13.78,9.84,"$50,000 - $99,999"
Shaanxi Hengtong,SPS250E,,,Vat Photopolymerization (e.g. SLA),Polymer,,9.84,9.84,5.91,Price not reported
Shaanxi Hengtong,SPS250J,,,Vat Photopolymerization (e.g. SLA),Polymer,,9.84,9.84,3.94,Price not reported
Shaanxi Hengtong,SPS250M,,,Vat Photopolymerization (e.g. SLA),Polymer,,9.84,9.84,9.84,Price not reported
Shaanxi Hengtong,SPS350B,,,Vat Photopolymerization (e.g. SLA),Polymer,,13.78,13.78,13.78,"$100,000 - $249,999"
Shaanxi Hengtong,SPS450B,,,Vat Photopolymerization (e.g. SLA),Polymer,,17.72,17.72,13.78,"$100,000 - $249,999"
Shaanxi Hengtong,SPS600B,,,Vat Photopolymerization (e.g. SLA),Polymer,,23.62,23.62,15.75,"$250,000 - $499,999"
Shanghai Union Technology,RS3500,,,Vat Photopolymerization (e.g. SLA),Polymer,,13.8,13.8,11.8,"$100,000 - $249,999"
Shanghai Union Technology,RS4500,,,Vat Photopolymerization (e.g. SLA),Polymer,,17.7,17.7,15.7,"$100,000 - $249,999"
Shanghai Union Technology,RS6000,,,Vat Photopolymerization (e.g. SLA),Polymer,,23.6,23.6,15.7,"$100,000 - $249,999"
Shanghai Union Technology,RS8000,,,Vat Photopolymerization (e.g. SLA),Polymer,,31.5,23.6,15.7,Price not reported
Sisma,MYSINT 100,,150,Powder Bed Fusion (e.g. SLS),Metal,"Bronze, Cobalt, Steel",3.94,3.94,3.94,Price not reported
SLM Solutions,SLM 125 HL,N/A,100,Powder Bed Fusion (e.g. SLS),Metal,,4.92,4.92,2.95,"$100,000 - $249,999"
SLM Solutions,SLM 125 HL,N/A,200,Powder Bed Fusion (e.g. SLS),Metal,,4.92,4.92,2.95,"$100,000 - $249,999"
SLM Solutions,SLM 280 HL,N/A,400,Powder Bed Fusion (e.g. SLS),Metal,,11.02,11.02,13.78,"$250,000 - $499,999"
SLM Solutions,SLM 280 HL,N/A,1000,Powder Bed Fusion (e.g. SLS),Metal,,11.02,11.02,13.78,"$250,000 - $499,999"
SLM Solutions,SLM 500 HL,N/A,400,Powder Bed Fusion (e.g. SLS),Metal,,19.69,11.02,12.8,"$500,000 - $999,999"
SLM Solutions,SLM 500 HL,N/A,1000,Powder Bed Fusion (e.g. SLS),Metal,,19.69,11.02,12.8,"$500,000 - $999,999"
Solidscape (A Stratasys Company),3Z Lab,,,Material Jetting,Wax,Wax,6,6,2,"Less than $49,999"
Solidscape (A Stratasys Company),3Z Pro,,,Material Jetting,Wax,Wax,6,6,4,"Less than $49,999"
Solidscape (A Stratasys Company),3Z Studio,,,Material Jetting,Wax,Wax,6,6,2,"Less than $49,999"
Solidscape (A Stratasys Company),Max2,,,Material Jetting,Wax,Wax,6,6,4,"Less than $49,999"
Stratasys,CrownWorx,N/A,,Material Extrusion (e.g. FDM),Wax,Wax,6,6,2,"Less than $49,999"
Stratasys,Dimension 1200es,BST (Breakaway Support Technology),,Material Extrusion (e.g. FDM),Polymer,ABS,10,10,12,"Less than $49,999"
Stratasys,Dimension 1200es,SST (Soluble Support Technology),,Material Extrusion (e.g. FDM),Polymer,ABS,10,10,12,"Less than $49,999"
Stratasys,Dimension Elite,SST (Soluble Support Technology),,Material Extrusion (e.g. FDM),Polymer,ABS,8,8,12,"Less than $49,999"
Stratasys,Fortus 250mc,N/A,,Material Extrusion (e.g. FDM),Polymer,ABS,10,10,12,"Less than $49,999"
Stratasys,Fortus 360mc,Base,,Material Extrusion (e.g. FDM),Polymer,"ABS, ABS/PP, ASA, PEI, PC",14,10,10,"$50,000 - $99,999"
Stratasys,Fortus 360mc,Upgrade,,Material Extrusion (e.g. FDM),Polymer,"ABS, ABS/PP, ASA, PEI, PC",16,14,16,"$50,000 - $99,999"
Stratasys,Fortus 380mc,,,Material Extrusion (e.g. FDM),"Composite, Polymer","ABS, ABS/PP, ASA, PEI, PC, PPS",14,12,12,"$100,000 - $249,999"
Stratasys,Fortus 400mc,Base,,Material Extrusion (e.g. FDM),"Composite, Polymer","ABS, ABS/PP, ASA, PEI, PC, PPS",14,10,10,"$100,000 - $249,999"
Stratasys,Fortus 400mc,Upgrade,,Material Extrusion (e.g. FDM),"Composite, Polymer","ABS, ABS/PP, ASA, PEI, PC, PPS",16,14,16,"$100,000 - $249,999"
Stratasys,Fortus 450mc,,,Material Extrusion (e.g. FDM),"Composite, Polymer","ABS, ABS/PP, ASA, PEI, PC, PPS",16,14,16,"$100,000 - $249,999"
Stratasys,Fortus 900mc,Base,,Material Extrusion (e.g. FDM),"Composite, Polymer","ABS, ABS/PP, ASA, PEI, PC, PPS",36,24,36,"$250,000 - $499,999"
Stratasys,FrameWorx,N/A,,Material Extrusion (e.g. FDM),Wax,Wax,6,6,2,"Less than $49,999"
Stratasys,Mojo,N/A,,Material Extrusion (e.g. FDM),Polymer,ABS,5,5,5,"Less than $49,999"
Stratasys,Objet Eden250,High Quality (HQ),,Material Jetting,Polymer,"Acrylic, PP",9.84,9.84,7.87,"Less than $49,999"
Stratasys,Objet Eden250,High Speed (HS),,Material Jetting,Polymer,"Acrylic, PP",9.84,9.84,7.87,"Less than $49,999"
Stratasys,Objet Eden260V,High Quality (HQ),,Material Jetting,Polymer,"Acrylic, PP, Rubber",10.04,9.92,7.87,"$50,000 - $99,999"
Stratasys,Objet Eden260V,High Speed (HS),,Material Jetting,Polymer,"Acrylic, PP, Rubber",10.04,9.92,7.87,"$50,000 - $99,999"
Stratasys,Objet Eden260V Dental Advantage,N/A,,Material Jetting,Polymer,,10.24,10.24,7.9,"$50,000 - $99,999"
Stratasys,Objet Eden260VS Dental Advantage,,,Material Jetting,Polymer,"Acrylic, PP, Rubber",10.04,9.92,7.87,"$50,000 - $99,999"
Stratasys,Objet Eden350V,N/A,,Material Jetting,Polymer,"Acrylic, PP, Rubber",13.4,13.4,7.9,"$100,000 - $249,999"
Stratasys,Objet Eden500V,High Quality (HQ),,Material Jetting,Polymer,"Acrylic, PP, Rubber",19.29,15.35,7.87,"$100,000 - $249,999"
Stratasys,Objet Eden500V,High Speed (HS),,Material Jetting,Polymer,"Acrylic, PP, Rubber",19.29,,7.87,"$100,000 - $249,999"
Stratasys,Objet1000,Digital Material (DM),,Material Jetting,Polymer,"ABS, Acrylic, PP, Rubber",39.3,31.4,19.6,"$500,000 - $999,999"
Stratasys,Objet1000,High Quality (HQ),,Material Jetting,Polymer,"ABS, Acrylic, PP, Rubber",39.3,31.4,19.6,"$500,000 - $999,999"
Stratasys,Objet1000,High Speed (HS),,Material Jetting,Polymer,"ABS, Acrylic, PP, Rubber",39.3,31.4,19.6,"$500,000 - $999,999"
Stratasys,Objet24,N/A,,Material Jetting,Polymer,Acrylic,9.21,7.55,5.85,"Less than $49,999"
Stratasys,Objet260 Connex,N/A,,Material Jetting,Polymer,"ABS, Acrylic, PP, Rubber",10,9.9,7.9,"$100,000 - $249,999"
Stratasys,Objet30 OrthoDesk,N/A,,Material Jetting,Polymer,,11.81,7.87,3.94,"Less than $49,999"
Stratasys,Objet30 Prime,,,Material Jetting,Polymer,"ABS, Acrylic, PP, Rubber",11.57,7.55,5.85,"Less than $49,999"
Stratasys,Objet30 Pro,N/A,,Material Jetting,Polymer,Acrylic,11.57,7.55,5.85,"Less than $49,999"
Stratasys,Objet350 Connex,Digital Material (DM),,Material Jetting,Polymer,"ABS, Acrylic, PP, Rubber",13.4,13.4,7.9,"$100,000 - $249,999"
Stratasys,Objet350 Connex,High Quality (HQ),,Material Jetting,Polymer,"ABS, Acrylic, PP, Rubber",13.4,13.4,7.9,"$100,000 - $249,999"
Stratasys,Objet350 Connex,High Speed (HS),,Material Jetting,Polymer,"ABS, Acrylic, PP, Rubber",13.4,13.4,7.9,"$100,000 - $249,999"
Stratasys,Objet500 Connex,Digital Material (DM),,Material Jetting,Polymer,"ABS, Acrylic, PP, Rubber",19.3,15.4,7.9,"$100,000 - $249,999"
Stratasys,Objet500 Connex,High Quality (HQ),,Material Jetting,Polymer,"ABS, Acrylic, PP, Rubber",19.3,15.4,7.9,"$100,000 - $249,999"
Stratasys,Objet500 Connex,High Speed (HS),,Material Jetting,Polymer,"ABS, Acrylic, PP, Rubber",19.3,15.4,7.9,"$100,000 - $249,999"
Stratasys,Objet500 Connex3,N/A,,Material Jetting,Polymer,"ABS, Acrylic, PP, Rubber",19.3,15.4,7.9,"$250,000 - $499,999"
Stratasys,uPrint SE,N/A,,Material Extrusion (e.g. FDM),Polymer,ABS,8,6,6,"Less than $49,999"
Stratasys,uPrint SE,Plus,,Material Extrusion (e.g. FDM),Polymer,ABS,8,8,6,"Less than $49,999"
Trump Precision Machinery,ELITE 3000,,80,Powder Bed Fusion (e.g. SLS),Polymer,,12.6,12.6,23.6,"$100,000 - $249,999"
Trump Precision Machinery,ELITE 3500,,50,Powder Bed Fusion (e.g. SLS),Polymer,,13.8,13.8,23.6,Price not reported
Trump Precision Machinery,ELITE 3600,,50,Powder Bed Fusion (e.g. SLS),Polymer,,13.8,13.8,23.6,"$100,000 - $249,999"
Trump Precision Machinery,ELITE 3600,HD,100,Powder Bed Fusion (e.g. SLS),Polymer,,13.8,13.8,23.6,"$100,000 - $249,999"
Trump Precision Machinery,ELITE 5000,,50,Powder Bed Fusion (e.g. SLS),Polymer,,18.9,18.9,23.6,Price not reported
Trump Precision Machinery,ELITE P5500,,150,Powder Bed Fusion (e.g. SLS),Polymer,,21.7,21.7,23.6,"$250,000 - $499,999"
Unirapid,UNIRAPID III,,,Vat Photopolymerization (e.g. SLA),Polymer,ABS,5.91,5.91,5.91,"$50,000 - $99,999"
voxeljet,VX1000,HP,,Binder Jetting,"Polymer, Sand","PMMA, Silicate",41.73,23.62,19.69,"$500,000 - $999,999"
voxeljet,VX1000,Standard,,Binder Jetting,"Polymer, Sand","PMMA, Silicate",41.73,23.62,19.69,"$500,000 - $999,999"
voxeljet,VX200,Standard,,Binder Jetting,"Polymer, Sand","PMMA, Silicate",11.81,7.87,5.91,"$100,000 - $249,999"
voxeljet,VX2000,HP,,Binder Jetting,"Polymer, Sand","PMMA, Silicate",81.1,41.73,39.37,"$500,000 - $999,999"
voxeljet,VX2000,Standard,,Binder Jetting,"Polymer, Sand","PMMA, Silicate",81.1,41.73,39.37,"$500,000 - $999,999"
voxeljet,VX4000,HP,,Binder Jetting,"Polymer, Sand","PMMA, Silicate",157.48,78.74,39.37,"Greater than $1,000,000"
voxeljet,VX500,Standard,,Binder Jetting,"Polymer, Sand","PMMA, Silicate",19.69,15.75,11.81,"$250,000 - $499,999"
voxeljet,VXC800,Standard,,Binder Jetting,"Polymer, Sand","PMMA, Silicate",33.46,19.69,78.74,"$500,000 - $999,999"
Wuhan Binhu,HRPL-II,,0.5,Vat Photopolymerization (e.g. SLA),Polymer,,13.78,13.78,13.78,"$100,000 - $249,999"
Wuhan Binhu,HRPL-III,,0.5,Vat Photopolymerization (e.g. SLA),Polymer,,23.62,23.62,19.69,"$100,000 - $249,999"
Wuhan Binhu,HRPM-II,,200,Powder Bed Fusion (e.g. SLS),Metal,"Steel, Titanium, Nickel",9.84,9.84,9.84,"$250,000 - $499,999"
Wuhan Binhu,HRPM-II,,400,Powder Bed Fusion (e.g. SLS),Metal,"Steel, Titanium, Nickel",9.84,9.84,9.84,"$250,000 - $499,999"
Wuhan Binhu,HRPS-II,,,Powder Bed Fusion (e.g. SLS),"Ceramic, Polymer, Sand","PS, PP, PA, Coated Sand, Ceramic",12.6,12.6,17.72,"$50,000 - $99,999"
Wuhan Binhu,HRPS-IV,,,Powder Bed Fusion (e.g. SLS),"Ceramic, Polymer, Sand","PS, PP, PA, Coated Sand, Ceramic",19.69,19.69,15.75,"$100,000 - $249,999"
Wuhan Binhu,HRPS-V,,,Powder Bed Fusion (e.g. SLS),"Polymer, Sand","PS, Coated Sand",39.37,39.37,23.62,"$250,000 - $499,999"
Wuhan Binhu,HRPS-VI,,,Powder Bed Fusion (e.g. SLS),"Polymer, Sand","PS, Coated Sand",47.24,47.24,23.62,"$500,000 - $999,999"
Wuhan Binhu,HRPS-VII,,,Powder Bed Fusion (e.g. SLS),"Polymer, Sand","PS, Coated Sand",55.12,27.56,19.69,"$500,000 - $999,999"
Wuhan Binhu,HRPS-VIII,,,Powder Bed Fusion (e.g. SLS),"Polymer, Sand","PS, Coated Sand",55.12,55.12,19.69,"Greater than $1,000,000"
